City_ID,City,Lat,Lng,Max Temp,Humidity,Cloudiness,Wind Speed,Country,Date
0,avarua,-21.2078,-159.775,80.65,61,33,"{'speed': 11.5, 'deg': 90}",CK,200
1,yellowknife,62.456,-114.3525,43.83,70,14,"{'speed': 3.69, 'deg': 122, 'gust': 4.81}",CA,200
2,atuona,-9.8,-139.0333,81.45,77,18,"{'speed': 14.58, 'deg': 93, 'gust': 14.41}",PF,200
3,bonavista,48.6499,-53.1147,33.46,97,100,"{'speed': 19.62, 'deg': 0, 'gust': 31.45}",CA,200
4,ketchikan,55.3422,-131.6461,46.87,87,100,"{'speed': 12.66, 'deg': 120}",US,200
5,luganville,-15.5333,167.1667,82.38,74,55,"{'speed': 5.21, 'deg': 145, 'gust': 6.38}",VU,200
6,alofi,-19.0595,-169.9187,78.31,65,3,"{'speed': 14.38, 'deg': 94, 'gust': 14.25}",NU,200
7,antofagasta,-23.65,-70.4,65.48,82,7,"{'speed': 5.01, 'deg': 211, 'gust': 5.99}",CL,200
8,codrington,-38.2667,141.9667,53.44,81,0,"{'speed': 6.64, 'deg': 352, 'gust': 10.56}",AU,200
9,bredasdorp,-34.5322,20.0403,64.62,82,100,"{'speed': 6.31, 'deg': 316, 'gust': 9.98}",ZA,200
10,matay,28.419,30.7792,71.58,34,17,"{'speed': 15.93, 'deg': 5, 'gust': 26.73}",EG,200
11,margate,51.3813,1.3862,47.89,89,99,"{'speed': 7, 'deg': 354, 'gust': 10}",GB,200
12,punta arenas,-53.15,-70.9167,44.71,65,0,"{'speed': 6.91, 'deg': 340}",CL,200
13,mar del plata,-38.0023,-57.5575,62.94,90,4,"{'speed': 3.44, 'deg': 100}",AR,200
14,kavieng,-2.5744,150.7967,80.92,78,100,"{'speed': 4.07, 'deg': 70, 'gust': 7.23}",PG,200
15,bluff,-46.6,168.3333,52.81,66,56,"{'speed': 25.75, 'deg': 238, 'gust': 33.11}",NZ,200
16,beringovskiy,63.05,179.3167,25.72,88,100,"{'speed': 14.14, 'deg': 113, 'gust': 18.66}",RU,200
17,alto araguaia,-17.3147,-53.2153,71.53,82,80,"{'speed': 3.78, 'deg': 66, 'gust': 4.07}",BR,200
18,leningradskiy,69.3833,178.4167,3.47,88,28,"{'speed': 15.95, 'deg': 113, 'gust': 25.61}",RU,200
19,cape town,-33.9258,18.4232,65.37,92,75,"{'speed': 16.11, 'deg': 350}",ZA,200
20,hithadhoo,-0.6,73.0833,83.1,76,97,"{'speed': 5.32, 'deg': 294, 'gust': 6.06}",MV,200
21,grand gaube,-20.0064,57.6608,77.4,81,84,"{'speed': 5.01, 'deg': 64, 'gust': 8.99}",MU,200
22,killybegs,54.6333,-8.45,46.2,77,100,"{'speed': 12.84, 'deg': 18, 'gust': 17.58}",IE,200
23,vaini,-21.2,-175.2,82.56,69,40,"{'speed': 12.66, 'deg': 90}",TO,200
24,albany,42.6001,-73.9662,53.64,86,97,"{'speed': 6.49, 'deg': 357, 'gust': 12.68}",US,200
25,cherskiy,68.75,161.3,32.13,68,100,"{'speed': 4.43, 'deg': 78, 'gust': 4.32}",RU,200
26,puerto ayacucho,5.6639,-67.6236,83.71,71,84,"{'speed': 1.16, 'deg': 147, 'gust': 3.24}",VE,200
27,shache,38.4167,77.2406,57.7,29,0,"{'speed': 6.55, 'deg': 317, 'gust': 6.85}",CN,200
28,noyon,49.5833,3.0,45.25,93,40,"{'speed': 7.9, 'deg': 233, 'gust': 24.76}",FR,200
29,bonoua,5.2741,-3.595,83.82,91,72,"{'speed': 4.45, 'deg': 212, 'gust': 9.95}",CI,200
30,port lincoln,-34.7333,135.8667,63.55,61,0,"{'speed': 9.37, 'deg': 24, 'gust': 15.55}",AU,200
31,kailua,21.4022,-157.7394,84.18,65,0,"{'speed': 8.05, 'deg': 70}",US,200
32,georgetown,5.4112,100.3354,78.73,93,20,"{'speed': 5.01, 'deg': 70, 'gust': 0}",MY,200
33,mahebourg,-20.4081,57.7,77.29,88,40,"{'speed': 4.61, 'deg': 10}",MU,200
34,east london,-33.0153,27.9116,68.22,62,100,"{'speed': 7.78, 'deg': 19, 'gust': 11.1}",ZA,200
35,esperance,-33.8667,121.9,67.69,40,68,"{'speed': 18.59, 'deg': 351, 'gust': 37.2}",AU,200
36,oranjemund,-28.55,16.4333,60.04,78,100,"{'speed': 4.29, 'deg': 214, 'gust': 5.28}",,200
37,jamestown,42.097,-79.2353,43.02,66,100,"{'speed': 10.36, 'deg': 260}",US,200
38,birao,10.2849,22.7882,79.0,64,100,"{'speed': 12.48, 'deg': 199, 'gust': 25.48}",CF,200
39,hermanus,-34.4187,19.2345,65.8,91,100,"{'speed': 8.75, 'deg': 342, 'gust': 13.85}",ZA,200
40,ambilobe,-13.2,49.05,73.38,96,4,"{'speed': 2.82, 'deg': 102, 'gust': 3.42}",MG,200
41,neiafu,-18.65,-173.9833,81.28,78,40,"{'speed': 9.22, 'deg': 100}",TO,200
42,port alfred,-33.5906,26.891,69.42,66,97,"{'speed': 7.85, 'deg': 20, 'gust': 9.6}",ZA,200
43,ribeira grande,38.5167,-28.7,62.78,93,100,"{'speed': 14, 'deg': 164, 'gust': 21}",PT,200
44,iqaluit,63.7506,-68.5145,33.53,93,100,"{'speed': 10.36, 'deg': 150}",CA,200
45,vao,-22.6667,167.4833,77.52,77,52,"{'speed': 10.92, 'deg': 210, 'gust': 10.78}",NC,200
46,port elizabeth,-33.918,25.5701,69.1,84,100,"{'speed': 2.33, 'deg': 59, 'gust': 3.29}",ZA,200
47,upernavik,72.7868,-56.1549,32.16,98,100,"{'speed': 8.93, 'deg': 175, 'gust': 15.28}",GL,200
48,busselton,-33.65,115.3333,56.57,73,100,"{'speed': 13.49, 'deg': 242, 'gust': 25.57}",AU,200
49,khatanga,71.9667,102.5,-0.71,99,71,"{'speed': 5.12, 'deg': 59, 'gust': 4.85}",RU,200
50,hambantota,6.1241,81.1185,77.34,100,20,"{'speed': 2.3, 'deg': 0}",LK,200
51,vitim,59.4511,112.5578,22.57,95,100,"{'speed': 3.85, 'deg': 182, 'gust': 6.62}",RU,200
52,ushuaia,-54.8,-68.3,44.26,57,20,"{'speed': 6.91, 'deg': 330}",AR,200
53,serenje,-13.2325,30.2352,60.39,94,89,"{'speed': 2.3, 'deg': 96, 'gust': 2.37}",ZM,200
54,umm kaddadah,13.6017,26.6876,82.47,27,36,"{'speed': 4.54, 'deg': 200, 'gust': 5.23}",SD,200
55,longyearbyen,78.2186,15.6401,13.84,79,40,"{'speed': 6.91, 'deg': 100}",SJ,200
56,faya,18.3851,42.4509,59.52,57,32,"{'speed': 3.27, 'deg': 140, 'gust': 4.16}",SA,200
57,arraial do cabo,-22.9661,-42.0278,71.46,78,0,"{'speed': 2.3, 'deg': 90}",BR,200
58,coihaique,-45.5752,-72.0662,54.21,71,75,"{'speed': 4.61, 'deg': 240}",CL,200
59,saint-augustin,51.226,-58.6502,40.1,75,3,"{'speed': 11.34, 'deg': 89, 'gust': 16.31}",CA,200
60,chokurdakh,70.6333,147.9167,21.96,95,100,"{'speed': 7.96, 'deg': 46, 'gust': 13.78}",RU,200
61,kalmunai,7.4167,81.8167,81.32,78,100,"{'speed': 3.22, 'deg': 198, 'gust': 4.25}",LK,200
62,rikitea,-23.1203,-134.9692,79.14,87,100,"{'speed': 14.81, 'deg': 300, 'gust': 19.98}",PF,200
63,barrow,71.2906,-156.7887,6.82,72,75,"{'speed': 12.66, 'deg': 10}",US,200
64,katsuura,35.1333,140.3,51.57,85,100,"{'speed': 19.24, 'deg': 57, 'gust': 22.44}",JP,200
65,mascote,-15.5631,-39.3025,71.55,99,83,"{'speed': 3.24, 'deg': 192, 'gust': 17.22}",BR,200
66,vestmanna,62.1564,-7.1664,32.92,75,100,"{'speed': 14.97, 'deg': 30}",FO,200
67,savinskiy,62.9342,40.1361,29.19,91,98,"{'speed': 3.47, 'deg': 103, 'gust': 9.53}",RU,200
68,asau,46.4333,26.4,45.52,83,86,"{'speed': 3.02, 'deg': 262, 'gust': 2.75}",RO,200
69,kapaa,22.0752,-159.319,80.58,77,20,"{'speed': 5.75, 'deg': 110}",US,200
70,havre-saint-pierre,50.2334,-63.5986,37.67,84,81,"{'speed': 10.63, 'deg': 112, 'gust': 13.82}",CA,200
71,saint-philippe,-21.3585,55.7679,78.39,74,100,"{'speed': 6.29, 'deg': 307, 'gust': 8.21}",RE,200
72,shangrao,28.4532,117.9686,57.02,97,100,"{'speed': 5.08, 'deg': 232, 'gust': 9.86}",CN,200
73,hobart,-42.8794,147.3294,48.27,82,0,"{'speed': 8.05, 'deg': 290}",AU,200
74,san rafael,-34.6177,-68.3301,65.55,48,5,"{'speed': 3.91, 'deg': 59, 'gust': 4.7}",AR,200
75,souris,49.6172,-100.2612,42.75,64,97,"{'speed': 5.86, 'deg': 24, 'gust': 7.09}",CA,200
76,tura,25.5198,90.2201,64.2,74,22,"{'speed': 2.89, 'deg': 95, 'gust': 3.06}",IN,200
77,xian,34.2583,108.9286,37.0,99,100,"{'speed': 1.86, 'deg': 80, 'gust': 1.68}",CN,200
78,carnarvon,-24.8667,113.6333,71.92,74,100,"{'speed': 12.48, 'deg': 169, 'gust': 16.71}",AU,200
79,tessalit,20.1986,1.0114,83.53,13,3,"{'speed': 6.31, 'deg': 356, 'gust': 6.55}",ML,200
80,smoky lake,54.1169,-112.4686,48.94,51,100,"{'speed': 16.71, 'deg': 144, 'gust': 22.21}",CA,200
81,qaanaaq,77.484,-69.3632,11.43,92,94,"{'speed': 1.28, 'deg': 30, 'gust': 1.34}",GL,200
82,vytegra,61.0064,36.4481,38.88,97,68,"{'speed': 4.41, 'deg': 140, 'gust': 7.54}",RU,200
83,norman wells,65.282,-126.8329,15.12,83,100,"{'speed': 9.51, 'deg': 294, 'gust': 10.42}",CA,200
84,fortuna,40.5982,-124.1573,57.65,82,100,"{'speed': 5.99, 'deg': 309, 'gust': 14}",US,200
85,kawalu,-7.3817,108.2082,72.37,98,90,"{'speed': 1.83, 'deg': 15, 'gust': 1.99}",ID,200
86,charters towers,-20.1,146.2667,67.93,78,99,"{'speed': 12.21, 'deg': 132, 'gust': 20.85}",AU,200
87,lebu,-37.6167,-73.65,54.84,82,0,"{'speed': 12.95, 'deg': 185, 'gust': 18.79}",CL,200
88,hilo,19.7297,-155.09,87.28,70,40,"{'speed': 16.11, 'deg': 130}",US,200
89,eureka,40.8021,-124.1637,61.66,80,100,"{'speed': 11.01, 'deg': 39, 'gust': 15.01}",US,200
90,lima,-12.0432,-77.0282,75.45,73,40,"{'speed': 17.27, 'deg': 170}",PE,200
91,mandan,46.8267,-100.8896,49.98,30,40,"{'speed': 13.8, 'deg': 30, 'gust': 18.41}",US,200
92,nadym,65.5333,72.5167,33.82,98,100,"{'speed': 13.49, 'deg': 157, 'gust': 23.53}",RU,200
93,mataura,-46.1927,168.8643,52.48,90,98,"{'speed': 9.64, 'deg': 256, 'gust': 26.78}",NZ,200
94,thai binh,20.45,106.3333,75.97,96,73,"{'speed': 6.26, 'deg': 144, 'gust': 14.03}",VN,200
95,sitka,57.0531,-135.33,51.69,62,75,"{'speed': 4.61, 'deg': 250}",US,200
96,tortoli,39.9256,9.6572,60.19,65,77,"{'speed': 6.35, 'deg': 297, 'gust': 6.53}",IT,200
97,ishigaki,24.3448,124.1572,73.74,80,74,"{'speed': 9.84, 'deg': 81, 'gust': 9.69}",JP,200
98,krutinka,56.0055,71.5113,44.31,88,96,"{'speed': 10.42, 'deg': 291, 'gust': 20.31}",RU,200
99,saldanha,-33.0117,17.9442,61.43,97,100,"{'speed': 10.07, 'deg': 16, 'gust': 16.17}",ZA,200
100,sloboda,51.1421,40.3021,49.39,83,84,"{'speed': 5.35, 'deg': 94, 'gust': 6.11}",RU,200
101,bethel,41.3712,-73.414,60.94,69,0,"{'speed': 6.91, 'deg': 340}",US,200
102,avera,33.194,-82.5271,75.54,37,31,"{'speed': 7.29, 'deg': 308, 'gust': 9.33}",US,200
103,sechura,-5.5569,-80.8222,79.23,79,100,"{'speed': 9.17, 'deg': 282, 'gust': 10.54}",PE,200
104,cayenne,4.9333,-52.3333,77.04,94,0,"{'speed': 3.44, 'deg': 100}",GF,200
105,balsas,-7.5325,-46.0356,80.2,62,89,"{'speed': 1.79, 'deg': 255, 'gust': 3.04}",BR,200
106,pisco,-13.7,-76.2167,77.05,69,0,"{'speed': 17.27, 'deg': 220}",PE,200
107,saint-pierre,-21.3393,55.4781,78.48,73,0,"{'speed': 5.75, 'deg': 360}",RE,200
108,klaksvik,62.2266,-6.589,34.72,64,100,"{'speed': 25.19, 'deg': 20, 'gust': 25.32}",FO,200
109,chuy,-33.6971,-53.4616,65.1,88,100,"{'speed': 8.12, 'deg': 83, 'gust': 17.98}",UY,200
110,geraldton,-28.7667,114.6,68.41,64,40,"{'speed': 10.36, 'deg': 250}",AU,200
111,howard springs,-12.497,131.047,75.11,82,30,"{'speed': 7.18, 'deg': 109, 'gust': 24.38}",AU,200
112,yulara,-25.2406,130.9889,59.56,39,3,"{'speed': 9.69, 'deg': 101, 'gust': 16.87}",AU,200
113,san patricio,28.017,-97.5169,69.84,86,100,"{'speed': 10.54, 'deg': 61, 'gust': 15.03}",US,200
114,santa maria,-29.6842,-53.8069,68.0,52,100,"{'speed': 6.15, 'deg': 106, 'gust': 16.73}",BR,200
115,ixtapa,20.7,-105.2,79.83,74,75,"{'speed': 12.66, 'deg': 210}",MX,200
116,severo-kurilsk,50.6789,156.125,32.16,89,88,"{'speed': 15.64, 'deg': 273, 'gust': 22.84}",RU,200
117,half moon bay,37.4636,-122.4286,74.88,80,100,"{'speed': 27.63, 'deg': 280, 'gust': 37.98}",US,200
118,kaitangata,-46.2817,169.8464,49.93,65,58,"{'speed': 14.79, 'deg': 264, 'gust': 31.56}",NZ,200
119,petatlan,17.5167,-101.2667,87.6,53,7,"{'speed': 7.2, 'deg': 217, 'gust': 5.66}",MX,200
120,tiznit,29.5833,-9.5,67.73,61,33,"{'speed': 0.36, 'deg': 8, 'gust': 1.5}",MA,200
121,petrozavodsk,61.7849,34.3469,29.66,86,94,"{'speed': 2.24, 'deg': 0}",RU,200
122,kamen-na-obi,53.7884,81.3423,45.63,57,100,"{'speed': 11.81, 'deg': 133, 'gust': 29.91}",RU,200
123,saskylakh,71.9167,114.0833,2.53,100,96,"{'speed': 4.54, 'deg': 151, 'gust': 4.32}",RU,200
124,bilma,18.6853,12.9164,86.43,6,52,"{'speed': 7.56, 'deg': 342, 'gust': 7.67}",NE,200
125,victoria,22.2855,114.1577,75.43,89,66,"{'speed': 10, 'deg': 90}",HK,200
126,parainen,60.3067,22.301,50.45,74,100,"{'speed': 14.54, 'deg': 165, 'gust': 33.15}",FI,200
127,rundu,-17.9333,19.7667,77.22,43,100,"{'speed': 6.13, 'deg': 32, 'gust': 14.03}",,200
128,new norfolk,-42.7826,147.0587,47.91,65,8,"{'speed': 3.22, 'deg': 301, 'gust': 5.84}",AU,200
129,kamenka,51.3223,42.7678,50.14,79,99,"{'speed': 6.35, 'deg': 104, 'gust': 8.93}",RU,200
130,novichikha,52.204,81.3877,38.21,68,97,"{'speed': 13.76, 'deg': 157, 'gust': 38.61}",RU,200
131,abrantes,39.4667,-8.2,60.42,82,36,"{'speed': 6.08, 'deg': 318, 'gust': 18.16}",PT,200
132,derzhavinsk,51.1,66.3167,47.73,78,36,"{'speed': 9.51, 'deg': 305, 'gust': 19.1}",KZ,200
133,cidreira,-30.1811,-50.2056,70.99,80,78,"{'speed': 14.07, 'deg': 68, 'gust': 23.76}",BR,200
134,komsomolskiy,40.4272,71.7189,59.72,41,71,"{'speed': 6.91, 'deg': 150}",UZ,200
135,namibe,-15.1961,12.1522,75.49,67,82,"{'speed': 10, 'deg': 199, 'gust': 12.03}",AO,200
136,hanna,51.6334,-111.9018,51.35,43,100,"{'speed': 19.48, 'deg': 145, 'gust': 23.09}",CA,200
137,taoudenni,22.6783,-3.9836,87.33,9,0,"{'speed': 5.19, 'deg': 330, 'gust': 5.3}",ML,200
138,thompson,55.7435,-97.8558,31.66,89,88,"{'speed': 4.72, 'deg': 28, 'gust': 7.54}",CA,200
139,tasiilaq,65.6145,-37.6368,33.96,91,100,"{'speed': 5.99, 'deg': 67, 'gust': 7.76}",GL,200
140,nikolskoye,59.7035,30.7861,56.8,66,45,"{'speed': 7.27, 'deg': 184, 'gust': 24.54}",RU,200
141,salalah,17.0151,54.0924,82.49,78,0,"{'speed': 2.3, 'deg': 0}",OM,200
142,castro,-24.7911,-50.0119,56.43,79,0,"{'speed': 3.71, 'deg': 94, 'gust': 3.69}",BR,200
143,laguna,38.421,-121.4238,82.38,39,0,"{'speed': 10.36, 'deg': 280}",US,200
144,cabo san lucas,22.8909,-109.9124,93.51,21,20,"{'speed': 16.11, 'deg': 90}",MX,200
145,guerrero negro,27.9769,-114.0611,68.5,59,10,"{'speed': 15.97, 'deg': 313, 'gust': 14.67}",MX,200
146,butaritari,3.0707,172.7902,82.74,79,56,"{'speed': 16.49, 'deg': 88, 'gust': 19.04}",KI,200
147,belyy yar,53.6039,91.3903,24.69,68,0,"{'speed': 2.24, 'deg': 150}",RU,200
148,acari,-15.4311,-74.6158,78.67,61,2,"{'speed': 7.31, 'deg': 186, 'gust': 6.6}",PE,200
149,rio grande,-32.035,-52.0986,69.91,87,100,"{'speed': 10.8, 'deg': 94, 'gust': 20.13}",BR,200
150,moose factory,51.2585,-80.6094,33.78,80,100,"{'speed': 6.91, 'deg': 290}",CA,200
151,lorengau,-2.0226,147.2712,81.09,81,100,"{'speed': 2.89, 'deg': 102, 'gust': 3.31}",PG,200
152,tuatapere,-46.1333,167.6833,47.62,77,96,"{'speed': 13.69, 'deg': 253, 'gust': 24.9}",NZ,200
153,pangnirtung,66.1451,-65.7125,34.52,90,99,"{'speed': 2.13, 'deg': 139, 'gust': 2.13}",CA,200
154,polunochnoye,60.8697,60.4153,27.19,72,7,"{'speed': 6.8, 'deg': 286, 'gust': 17.11}",RU,200
155,oranjestad,12.524,-70.027,79.07,78,77,"{'speed': 7.76, 'deg': 12, 'gust': 7.87}",AW,200
156,fort collins,40.5853,-105.0844,58.17,33,0,"{'speed': 7, 'deg': 193, 'gust': 8.99}",US,200
157,narsaq,60.9167,-46.05,39.42,76,96,"{'speed': 1.88, 'deg': 359, 'gust': 2.44}",GL,200
158,manzhouli,49.6,117.4333,33.62,27,98,"{'speed': 8.3, 'deg': 275, 'gust': 22.32}",CN,200
159,balkhash,46.844,74.9804,50.16,48,70,"{'speed': 7.7, 'deg': 143, 'gust': 7.87}",KZ,200
160,puerto ayora,-0.7393,-90.3518,85.96,87,59,"{'speed': 8.01, 'deg': 162, 'gust': 15.99}",EC,200
161,dikson,73.5069,80.5464,33.67,86,99,"{'speed': 18.81, 'deg': 154, 'gust': 25.84}",RU,200
162,ibra,22.6906,58.5334,76.51,58,85,"{'speed': 4.97, 'deg': 154, 'gust': 6.08}",OM,200
163,kodiak,57.79,-152.4072,38.71,38,0,"{'speed': 17.27, 'deg': 310, 'gust': 26.46}",US,200
164,kahului,20.8947,-156.47,84.22,61,20,"{'speed': 11.01, 'deg': 78, 'gust': 14}",US,200
165,itatskiy,56.07,89.0369,34.79,75,100,"{'speed': 5.82, 'deg': 156, 'gust': 9.04}",RU,200
166,saint george,37.1041,-113.5841,77.95,22,75,"{'speed': 9.22, 'deg': 300}",US,200
167,kavaratti,10.5669,72.642,83.12,72,77,"{'speed': 10.92, 'deg': 336, 'gust': 11.36}",IN,200
168,mende,44.6667,3.5,38.89,95,99,"{'speed': 8.86, 'deg': 267, 'gust': 21.94}",FR,200
169,port hardy,50.6996,-127.4199,45.72,89,100,"{'speed': 6.93, 'deg': 183, 'gust': 10.83}",CA,200
170,naze,28.3667,129.4833,66.58,80,38,"{'speed': 13.6, 'deg': 63, 'gust': 16.64}",JP,200
171,kieta,-6.2167,155.6333,83.17,78,37,"{'speed': 2.46, 'deg': 90, 'gust': 4.21}",PG,200
172,cockburn town,21.4612,-71.1419,73.36,73,40,"{'speed': 0, 'deg': 0}",TC,200
173,horizontina,-27.6258,-54.3078,71.13,48,79,"{'speed': 6.98, 'deg': 84, 'gust': 18.21}",BR,200
174,tocopilla,-22.092,-70.1979,69.1,79,12,"{'speed': 5.86, 'deg': 214, 'gust': 7.54}",CL,200
175,kushalgarh,23.199,74.4507,77.36,12,0,"{'speed': 5.03, 'deg': 351, 'gust': 5.39}",IN,200
176,aden,12.7794,45.0367,81.64,80,40,"{'speed': 15.55, 'deg': 80, 'gust': 19.53}",YE,200
177,constitucion,-35.3333,-72.4167,56.46,82,9,"{'speed': 8.95, 'deg': 221, 'gust': 11.23}",CL,200
178,galle,6.0367,80.217,80.85,83,100,"{'speed': 1.45, 'deg': 268, 'gust': 3.56}",LK,200
179,ostrovnoy,68.0531,39.5131,22.28,77,9,"{'speed': 21.65, 'deg': 261, 'gust': 38.5}",RU,200
180,provideniya,64.3833,-173.3,21.36,68,20,"{'speed': 15.99, 'deg': 350, 'gust': 0}",RU,200
181,gobabis,-22.45,18.9667,77.61,37,100,"{'speed': 4.63, 'deg': 119, 'gust': 5.97}",,200
182,shu,43.5983,73.7614,53.37,51,48,"{'speed': 9.01, 'deg': 160, 'gust': 11.5}",KZ,200
183,havelock,34.8791,-76.9013,73.98,51,0,"{'speed': 10.36, 'deg': 140}",US,200
184,vila franca do campo,37.7167,-25.4333,64.81,95,92,"{'speed': 15.21, 'deg': 185, 'gust': 29.42}",PT,200
185,caluquembe,-13.7833,14.6833,64.06,76,63,"{'speed': 3.56, 'deg': 353, 'gust': 3.58}",AO,200
186,okha,53.5739,142.9478,29.62,79,35,"{'speed': 20.98, 'deg': 288, 'gust': 35.21}",RU,200
187,innisfail,-17.5333,146.0333,72.18,88,100,"{'speed': 15.12, 'deg': 133, 'gust': 24.74}",AU,200
188,palasa,18.7667,84.4167,76.03,74,3,"{'speed': 4.45, 'deg': 266, 'gust': 4.99}",IN,200
189,genhe,50.7833,121.5167,23.18,65,17,"{'speed': 2.39, 'deg': 182, 'gust': 3.85}",CN,200
190,sur,22.5667,59.5289,83.57,55,97,"{'speed': 10.78, 'deg': 223, 'gust': 13.4}",OM,200
191,lielvarde,56.7207,24.8074,55.42,68,1,"{'speed': 8.55, 'deg': 173, 'gust': 26.57}",LV,200
192,tuy hoa,13.0833,109.3,74.03,91,9,"{'speed': 3.94, 'deg': 259, 'gust': 3.69}",VN,200
193,henties bay,-22.116,14.2845,64.87,73,76,"{'speed': 3.24, 'deg': 289, 'gust': 4.63}",,200
194,yumen,40.2833,97.2,47.73,47,97,"{'speed': 22.41, 'deg': 267, 'gust': 35.81}",CN,200
195,los llanos de aridane,28.6585,-17.9182,62.35,92,20,"{'speed': 13.8, 'deg': 10}",ES,200
196,port macquarie,-31.4333,152.9167,62.89,80,82,"{'speed': 10.94, 'deg': 152, 'gust': 17.11}",AU,200
197,ponta do sol,32.6667,-17.1,65.71,76,98,"{'speed': 2.84, 'deg': 53, 'gust': 3.98}",PT,200
198,raudeberg,61.9875,5.1352,39.87,64,100,"{'speed': 34.45, 'deg': 36, 'gust': 39.06}",NO,200
199,makakilo city,21.3469,-158.0858,82.72,64,0,"{'speed': 10.36, 'deg': 140}",US,200
200,lavrentiya,65.5833,-171.0,18.16,69,2,"{'speed': 5.48, 'deg': 35, 'gust': 7.4}",RU,200
201,alice springs,-23.7,133.8833,49.55,81,0,"{'speed': 4.79, 'deg': 122, 'gust': 7.4}",AU,200
202,tiksi,71.6872,128.8694,11.1,96,80,"{'speed': 3.83, 'deg': 296, 'gust': 3.98}",RU,200
203,roald,62.5833,6.1333,39.9,81,75,"{'speed': 20.71, 'deg': 40}",NO,200
204,fuyu,45.1833,124.8167,37.65,21,0,"{'speed': 8.68, 'deg': 226, 'gust': 22.35}",CN,200
205,byron bay,-28.65,153.6167,71.37,63,89,"{'speed': 18.05, 'deg': 136, 'gust': 24.27}",AU,200
206,lasa,46.6166,10.7002,51.69,97,100,"{'speed': 3.29, 'deg': 171, 'gust': 4.09}",IT,200
207,mareeba,-17.0,145.4333,74.44,86,97,"{'speed': 6.67, 'deg': 99, 'gust': 23.51}",AU,200
208,olafsvik,64.8945,-23.7142,37.36,53,97,"{'speed': 7.34, 'deg': 13, 'gust': 7.02}",IS,200
209,celestun,20.8667,-90.4,87.33,61,3,"{'speed': 14.56, 'deg': 19, 'gust': 17.58}",MX,200
210,adrar,20.5022,-10.0711,79.81,20,0,"{'speed': 10.4, 'deg': 12, 'gust': 14.63}",MR,200
211,san joaquin,37.9333,-121.3011,80.19,48,0,"{'speed': 5.75, 'deg': 0}",US,200
212,deputatskiy,69.3,139.9,16.56,93,100,"{'speed': 3.44, 'deg': 334, 'gust': 4.25}",RU,200
213,vannes,47.8333,-2.5,47.01,93,4,"{'speed': 11.05, 'deg': 271, 'gust': 26.42}",FR,200
214,hobyo,5.3505,48.5268,83.68,76,100,"{'speed': 12.93, 'deg': 121, 'gust': 14.54}",SO,200
215,cap malheureux,-19.9842,57.6142,77.47,81,85,"{'speed': 5.99, 'deg': 77, 'gust': 8.99}",MU,200
216,semikarakorsk,47.5194,40.8112,46.96,83,7,"{'speed': 2.8, 'deg': 79, 'gust': 2.84}",RU,200
217,pacific grove,36.6177,-121.9166,72.39,83,100,"{'speed': 11.5, 'deg': 270}",US,200
218,ahipara,-35.1667,173.1667,62.04,74,97,"{'speed': 19.98, 'deg': 188, 'gust': 26.75}",NZ,200
219,elizabeth city,36.2946,-76.2511,73.42,40,0,"{'speed': 8.05, 'deg': 280}",US,200
220,bengkulu,-3.8004,102.2655,76.77,86,23,"{'speed': 3.91, 'deg': 64, 'gust': 4.16}",ID,200
221,amahai,-3.3333,128.9167,78.73,85,37,"{'speed': 4.23, 'deg': 346, 'gust': 4.27}",ID,200
222,bowen,-20.0167,148.2333,77.58,70,100,"{'speed': 22.17, 'deg': 130, 'gust': 29.57}",AU,200
223,pevek,69.7008,170.3133,29.86,70,1,"{'speed': 5.17, 'deg': 127, 'gust': 9.73}",RU,200
224,prince rupert,54.3161,-130.3201,48.65,80,100,"{'speed': 3.56, 'deg': 148, 'gust': 5.99}",CA,200
225,clyde river,70.4692,-68.5914,16.03,86,75,"{'speed': 10.36, 'deg': 340}",CA,200
226,talnakh,69.4865,88.3972,31.21,91,95,"{'speed': 7.78, 'deg': 114, 'gust': 7.2}",RU,200
227,kirakira,-10.4544,161.9205,84.07,75,28,"{'speed': 6.78, 'deg': 109, 'gust': 8.55}",SB,200
228,padra,22.2333,73.0833,80.17,48,1,"{'speed': 2.73, 'deg': 294, 'gust': 4.32}",IN,200
229,chhapra,25.7667,84.75,73.38,48,51,"{'speed': 10.74, 'deg': 105, 'gust': 19.93}",IN,200
230,srednekolymsk,67.45,153.6833,31.23,83,97,"{'speed': 15.66, 'deg': 65, 'gust': 24.16}",RU,200
231,simao,22.7886,100.9748,63.03,49,12,"{'speed': 0.78, 'deg': 106, 'gust': 1.03}",CN,200
232,muros,42.7762,-9.0603,62.1,87,96,"{'speed': 4.83, 'deg': 206, 'gust': 6.4}",ES,200
233,kosai,34.7105,137.5316,58.86,44,35,"{'speed': 4.32, 'deg': 8, 'gust': 4.92}",JP,200
234,nanortalik,60.1432,-45.2371,33.57,85,91,"{'speed': 5.73, 'deg': 307, 'gust': 8.59}",GL,200
235,hasaki,35.7333,140.8333,54.21,59,100,"{'speed': 19.01, 'deg': 39, 'gust': 19.48}",JP,200
236,mount gambier,-37.8333,140.7667,52.61,82,0,"{'speed': 5.19, 'deg': 19, 'gust': 13.71}",AU,200
237,belaya gora,68.5333,146.4167,22.51,93,100,"{'speed': 11.21, 'deg': 8, 'gust': 17.02}",RU,200
238,caucaia,-3.7361,-38.6531,84.15,65,0,"{'speed': 8.05, 'deg': 90}",BR,200
239,clarence town,-32.5833,151.7833,70.86,84,98,"{'speed': 3.4, 'deg': 117, 'gust': 13.18}",AU,200
240,kaharlyk,49.8623,30.8282,48.74,72,52,"{'speed': 3.06, 'deg': 154, 'gust': 3.2}",UA,200
241,luderitz,-26.6481,15.1594,66.02,48,100,"{'speed': 4.09, 'deg': 225, 'gust': 7.67}",,200
242,conde,-7.2597,-34.9075,80.06,78,0,"{'speed': 6.91, 'deg': 140}",BR,200
243,bera,24.0833,89.6167,72.59,74,7,"{'speed': 6.46, 'deg': 93, 'gust': 8.28}",BD,200
244,lagoa,39.05,-27.9833,61.38,94,100,"{'speed': 15.99, 'deg': 171, 'gust': 21.03}",PT,200
245,yar-sale,66.8333,70.8333,31.87,98,100,"{'speed': 14.52, 'deg': 184, 'gust': 22.86}",RU,200
246,malanje,-9.5402,16.341,65.48,96,88,"{'speed': 1.81, 'deg': 33, 'gust': 1.86}",AO,200
247,taylor,32.3001,-99.8337,48.02,85,100,"{'speed': 8.05, 'deg': 70}",US,200
248,baghmara,23.795,86.2085,75.36,53,33,"{'speed': 4.23, 'deg': 113, 'gust': 5.99}",IN,200
249,broome,42.2506,-75.833,48.02,89,100,"{'speed': 10.36, 'deg': 320}",US,200
250,kundiawa,-6.0167,144.9667,65.34,89,100,"{'speed': 2.44, 'deg': 347, 'gust': 4.38}",PG,200
251,hami,42.8,93.45,51.87,37,85,"{'speed': 7.72, 'deg': 121, 'gust': 10.56}",CN,200
252,bambous virieux,-20.3428,57.7575,77.25,88,40,"{'speed': 4.61, 'deg': 10}",MU,200
253,huarmey,-10.0681,-78.1522,79.02,75,26,"{'speed': 10.27, 'deg': 183, 'gust': 11.18}",PE,200
254,monchegorsk,67.9397,32.8739,17.76,86,5,"{'speed': 4.72, 'deg': 227, 'gust': 4.97}",RU,200
255,kontagora,10.3999,5.4695,76.35,75,100,"{'speed': 5.21, 'deg': 180, 'gust': 12.95}",NG,200
256,vogar,63.9832,-22.3874,37.96,75,0,"{'speed': 3.44, 'deg': 320}",IS,200
257,uarini,-2.99,-65.1083,78.33,86,54,"{'speed': 2.51, 'deg': 85, 'gust': 5.77}",BR,200
258,batagay-alyta,67.8006,130.4114,11.43,89,97,"{'speed': 5.7, 'deg': 290, 'gust': 6.58}",RU,200
259,ilulissat,69.2167,-51.1,32.02,100,100,"{'speed': 4.61, 'deg': 160}",GL,200
260,mayo,38.8876,-76.5119,62.19,52,20,"{'speed': 12.66, 'deg': 310}",US,200
261,wanning,18.8003,110.3967,77.56,94,37,"{'speed': 8.01, 'deg': 162, 'gust': 11.88}",CN,200
262,erzincan,39.75,39.5,47.5,93,75,"{'speed': 6.91, 'deg': 230}",TR,200
263,maues,-3.3836,-57.7186,76.1,94,97,"{'speed': 1.28, 'deg': 354, 'gust': 1.52}",BR,200
264,jaca,42.569,-0.5499,51.98,93,94,"{'speed': 5.55, 'deg': 334, 'gust': 11.95}",ES,200
265,east foothills,37.3811,-121.8175,75.22,58,0,"{'speed': 16.11, 'deg': 330, 'gust': 21.85}",US,200
266,quelimane,-17.8786,36.8883,67.62,90,20,"{'speed': 2.82, 'deg': 73, 'gust': 3.8}",MZ,200
267,coripata,-16.3,-67.6,62.58,96,97,"{'speed': 2.04, 'deg': 359, 'gust': 2.8}",BO,200
268,vila velha,-20.3297,-40.2925,73.35,89,75,"{'speed': 3.44, 'deg': 310}",BR,200
269,shimoda,34.6667,138.95,53.1,63,81,"{'speed': 18.19, 'deg': 36, 'gust': 22.17}",JP,200
270,namatanai,-3.6667,152.4333,81.63,77,86,"{'speed': 4.88, 'deg': 92, 'gust': 6.82}",PG,200
271,tomatlan,19.9333,-105.25,86.79,37,39,"{'speed': 8.68, 'deg': 240, 'gust': 6.71}",MX,200
272,sao filipe,14.8961,-24.4956,75.22,69,4,"{'speed': 13.44, 'deg': 58, 'gust': 14.34}",CV,200
273,anadyr,64.75,177.4833,21.7,85,40,"{'speed': 26.84, 'deg': 100, 'gust': 38.03}",RU,200
274,slochteren,53.2208,6.8055,52.2,91,75,"{'speed': 9.22, 'deg': 70}",NL,200
275,mildura,-34.2,142.15,60.33,62,0,"{'speed': 8.19, 'deg': 76, 'gust': 14.56}",AU,200
276,unai,-16.3575,-46.9061,75.49,61,86,"{'speed': 4.63, 'deg': 86, 'gust': 12.46}",BR,200
277,batouri,4.4333,14.3667,73.24,74,93,"{'speed': 1.52, 'deg': 270, 'gust': 1.63}",CM,200
278,luzhou,28.8724,105.4405,54.28,84,100,"{'speed': 3.58, 'deg': 263, 'gust': 7.45}",CN,200
279,sayyan,15.1718,44.3244,61.12,60,76,"{'speed': 3.67, 'deg': 333, 'gust': 4.18}",YE,200
280,prieska,-29.6641,22.7474,63.27,39,93,"{'speed': 2.82, 'deg': 284, 'gust': 2.77}",ZA,200
281,loandjili,-4.7561,11.8578,79.3,88,99,"{'speed': 2.66, 'deg': 155, 'gust': 3.8}",CG,200
282,broken hill,-31.95,141.4333,60.78,58,0,"{'speed': 8.84, 'deg': 79, 'gust': 18.5}",AU,200
283,jabinyanah,35.035,10.9081,63.46,64,41,"{'speed': 11.68, 'deg': 170, 'gust': 15.55}",TN,200
284,sawakin,19.1059,37.3321,81.55,85,0,"{'speed': 1.52, 'deg': 198, 'gust': 1.88}",SD,200
285,port blair,11.6667,92.75,81.95,74,88,"{'speed': 2.21, 'deg': 347, 'gust': 2.33}",IN,200
286,latung,5.5,120.8833,83.41,76,93,"{'speed': 5.55, 'deg': 86, 'gust': 6.49}",PH,200
287,camacupa,-12.0167,17.4833,62.82,93,86,"{'speed': 2.73, 'deg': 298, 'gust': 2.57}",AO,200
288,iznoski,54.9881,35.3108,48.72,60,24,"{'speed': 3.04, 'deg': 152, 'gust': 3.09}",RU,200
289,gombe,10.2897,11.1673,88.5,38,96,"{'speed': 10.6, 'deg': 226, 'gust': 16.82}",NG,200
290,matamoros,25.5333,-103.25,93.31,9,20,"{'speed': 11.5, 'deg': 330}",MX,200
291,kuznechnoye,61.12,29.8686,40.98,88,98,"{'speed': 4.14, 'deg': 119, 'gust': 6.4}",RU,200
292,hofn,64.2539,-15.2082,33.64,56,16,"{'speed': 1.23, 'deg': 232, 'gust': 2.57}",IS,200
293,sorland,67.667,12.6934,33.66,59,50,"{'speed': 13.27, 'deg': 26, 'gust': 15.82}",NO,200
294,wonthaggi,-38.6044,145.5913,53.82,86,2,"{'speed': 5.3, 'deg': 10, 'gust': 7.16}",AU,200
295,kenai,60.5544,-151.2583,33.89,51,100,"{'speed': 19.57, 'deg': 10}",US,200
296,juneau,58.3019,-134.4197,50.0,89,75,"{'speed': 4.61, 'deg': 240}",US,200
297,sobolevo,54.4299,31.8996,51.13,67,84,"{'speed': 5.1, 'deg': 191, 'gust': 5.5}",RU,200
298,inuvik,68.3499,-133.7218,4.6,80,100,"{'speed': 11.79, 'deg': 0, 'gust': 13.89}",CA,200
299,khasan,42.4308,130.6434,40.82,38,0,"{'speed': 6.78, 'deg': 272, 'gust': 14.97}",RU,200
300,faanui,-16.4833,-151.75,82.31,77,94,"{'speed': 12.86, 'deg': 269, 'gust': 13.98}",PF,200
301,roswell,34.0232,-84.3616,68.68,48,0,"{'speed': 10.36, 'deg': 330}",US,200
302,yuncheng,35.0231,110.9928,38.46,99,100,"{'speed': 1.61, 'deg': 197, 'gust': 1.97}",CN,200
303,yate,51.5407,-2.4184,47.98,86,18,"{'speed': 5.53, 'deg': 282, 'gust': 10.38}",GB,200
304,cururupu,-1.8283,-44.8683,76.82,88,100,"{'speed': 3.83, 'deg': 75, 'gust': 15.77}",BR,200
305,zambezi,-13.5432,23.1047,68.88,71,100,"{'speed': 3.36, 'deg': 46, 'gust': 3.51}",ZM,200
306,hailar,49.2,119.7,31.87,23,100,"{'speed': 7.38, 'deg': 205, 'gust': 18.1}",CN,200
307,macomb,40.4592,-90.6718,48.61,40,100,"{'speed': 14.97, 'deg': 290, 'gust': 21.85}",US,200
308,tarazona,41.9,-1.7333,53.42,86,65,"{'speed': 3.56, 'deg': 329, 'gust': 4.65}",ES,200
309,le port,-20.9373,55.2919,78.8,86,100,"{'speed': 8.84, 'deg': 70, 'gust': 10.49}",RE,200
310,veseloyarsk,51.2836,81.1056,43.23,52,83,"{'speed': 19.24, 'deg': 164, 'gust': 40.58}",RU,200
311,maralal,1.0968,36.698,60.44,84,88,"{'speed': 1.39, 'deg': 83, 'gust': 2.17}",KE,200
312,karratha,-20.7377,116.8463,79.02,61,86,"{'speed': 2.82, 'deg': 116, 'gust': 2.98}",AU,200
313,atasu,48.6814,71.6433,49.32,62,0,"{'speed': 7.87, 'deg': 268, 'gust': 9.55}",KZ,200
314,itoigawa,37.0333,137.85,47.01,52,46,"{'speed': 2.06, 'deg': 45, 'gust': 3.58}",JP,200
315,sioux lookout,50.1001,-91.917,35.67,41,75,"{'speed': 0, 'deg': 0}",CA,200
316,llaillay,-32.85,-70.9667,71.24,57,1,"{'speed': 5.28, 'deg': 244, 'gust': 5.5}",CL,200
317,christchurch,-43.5333,172.6333,55.9,53,16,"{'speed': 10.36, 'deg': 230}",NZ,200
318,nigran,42.1415,-8.8066,61.03,94,100,"{'speed': 3.44, 'deg': 220}",ES,200
319,arman,59.7,150.1667,34.84,62,72,"{'speed': 20.02, 'deg': 30, 'gust': 32.12}",RU,200
320,makhinjauri,41.6739,41.694,53.46,100,75,"{'speed': 2.3, 'deg': 0}",GE,200
321,sorong,-0.8833,131.25,79.14,84,66,"{'speed': 4.09, 'deg': 106, 'gust': 3.89}",ID,200
322,saurimo,-9.6608,20.3916,66.38,94,93,"{'speed': 2.62, 'deg': 43, 'gust': 2.71}",AO,200
323,tinskoy,56.1525,96.9161,26.53,93,20,"{'speed': 3.38, 'deg': 138, 'gust': 4.18}",RU,200
324,kayes,14.0,-11.0,95.36,14,0,"{'speed': 6.62, 'deg': 342, 'gust': 12.55}",ML,200
325,qeshm,26.9581,56.2719,76.89,67,100,"{'speed': 4.09, 'deg': 267, 'gust': 5.14}",IR,200
326,xuzhou,34.1805,117.1571,46.49,89,100,"{'speed': 14, 'deg': 52, 'gust': 25.93}",CN,200
327,khor,47.8861,134.9464,39.11,61,98,"{'speed': 13.56, 'deg': 266, 'gust': 24.32}",RU,200
328,bandar-e lengeh,26.5579,54.8807,76.33,67,25,"{'speed': 6.58, 'deg': 262, 'gust': 7.85}",IR,200
329,liepaja,56.5419,21.0367,51.78,71,0,"{'speed': 9.22, 'deg': 220}",LV,200
330,constantine,36.365,6.6147,62.01,55,0,"{'speed': 3.44, 'deg': 180}",DZ,200
331,barhi,23.9,80.8,74.62,44,15,"{'speed': 6.24, 'deg': 132, 'gust': 15.35}",IN,200
332,lagos,6.5833,3.75,79.92,86,90,"{'speed': 2.68, 'deg': 184, 'gust': 6.35}",NG,200
333,tukrah,32.5341,20.5791,62.64,83,11,"{'speed': 16.6, 'deg': 59, 'gust': 23.73}",LY,200
334,bhag,29.0415,67.8239,83.37,16,52,"{'speed': 4.45, 'deg': 155, 'gust': 4.65}",PK,200
335,vicente guerrero,19.1194,-98.1708,74.59,36,83,"{'speed': 9.78, 'deg': 251, 'gust': 16.62}",MX,200
336,matagami,49.7502,-77.6328,44.71,87,75,"{'speed': 5.75, 'deg': 210}",CA,200
337,borgo san dalmazzo,44.333,7.4858,55.13,66,89,"{'speed': 5.61, 'deg': 229, 'gust': 6.85}",IT,200
338,benton harbor,42.1167,-86.4542,42.28,70,100,"{'speed': 6.91, 'deg': 290}",US,200
339,dunedin,-45.8742,170.5036,52.81,10,16,"{'speed': 20.67, 'deg': 254, 'gust': 37.18}",NZ,200
340,champerico,14.3,-91.9167,95.54,59,10,"{'speed': 12.84, 'deg': 254, 'gust': 12.01}",GT,200
341,aklavik,68.2191,-135.0107,4.41,81,100,"{'speed': 14.99, 'deg': 336, 'gust': 16.71}",CA,200
342,russellville,35.2784,-93.1338,64.18,44,0,"{'speed': 5.75, 'deg': 0}",US,200
343,sola,-13.8833,167.55,81.81,75,75,"{'speed': 14.34, 'deg': 152, 'gust': 14.76}",VU,200
344,shushenskoye,53.325,91.9356,34.34,73,19,"{'speed': 4.07, 'deg': 111, 'gust': 3.98}",RU,200
345,mocuba,-16.8392,36.9856,65.25,97,22,"{'speed': 1.48, 'deg': 26, 'gust': 1.59}",MZ,200
346,bathsheba,13.2167,-59.5167,75.81,94,40,"{'speed': 11.5, 'deg': 200}",BB,200
347,gongzhuling,43.5008,124.8198,38.98,22,0,"{'speed': 5.7, 'deg': 199, 'gust': 10.13}",CN,200
348,flinders,-34.5833,150.8552,63.05,93,100,"{'speed': 1.99, 'deg': 256, 'gust': 5.01}",AU,200
349,mayor pablo lagerenza,-19.9309,-60.7718,76.51,48,68,"{'speed': 2.24, 'deg': 61, 'gust': 2.68}",PY,200
350,zyrardow,52.0488,20.446,61.77,78,75,"{'speed': 5.32, 'deg': 206, 'gust': 8.37}",PL,200
351,fort nelson,58.8053,-122.7002,50.95,42,100,"{'speed': 8.99, 'deg': 13, 'gust': 15.01}",CA,200
352,bakel,14.905,-12.4568,93.02,16,3,"{'speed': 9.37, 'deg': 339, 'gust': 17.36}",SN,200
353,bara,10.3744,10.7288,85.84,46,80,"{'speed': 7.52, 'deg': 235, 'gust': 14.18}",NG,200
354,sinop,41.7711,34.8709,45.1,93,100,"{'speed': 2.55, 'deg': 92, 'gust': 3.65}",TR,200
355,longhua,23.6137,114.1919,72.32,98,100,"{'speed': 1.43, 'deg': 123, 'gust': 1.66}",CN,200
356,nome,64.5011,-165.4064,28.47,64,0,"{'speed': 4.61, 'deg': 280}",US,200
357,puerto escondido,15.85,-97.0667,86.83,62,20,"{'speed': 11.5, 'deg': 230}",MX,200
358,mukhen,48.1,136.1,36.97,81,100,"{'speed': 9.24, 'deg': 232, 'gust': 21.54}",RU,200
359,jieshi,22.8134,115.8257,71.91,91,100,"{'speed': 11.03, 'deg': 69, 'gust': 12.57}",CN,200
360,williams lake,52.1415,-122.1445,53.17,66,100,"{'speed': 16.11, 'deg': 110, 'gust': 24.16}",CA,200
361,pontianak,-0.0333,109.3333,75.18,100,20,"{'speed': 2.3, 'deg': 310}",ID,200
362,beterou,9.1992,2.2586,78.03,84,100,"{'speed': 5.28, 'deg': 179, 'gust': 11.14}",BJ,200
363,singkang,2.1006,102.7994,75.11,96,94,"{'speed': 2.98, 'deg': 49, 'gust': 3.85}",MY,200
364,kikwit,-5.041,18.8162,69.24,99,100,"{'speed': 0.56, 'deg': 89, 'gust': 0.65}",CD,200
365,san andres,12.5847,-81.7006,84.22,65,20,"{'speed': 5.75, 'deg': 90}",CO,200
366,gravdal,68.1214,13.5031,24.69,86,0,"{'speed': 5.75, 'deg': 50}",NO,200
367,sohbatpur,28.5202,68.5434,82.44,17,30,"{'speed': 8.93, 'deg': 98, 'gust': 13.47}",PK,200
368,normandin,48.8333,-72.5321,44.69,96,100,"{'speed': 4.72, 'deg': 146, 'gust': 13.91}",CA,200
369,weihai,37.5017,122.1136,49.42,66,100,"{'speed': 5.59, 'deg': 17, 'gust': 9.57}",CN,200
370,ucluelet,48.9329,-125.5528,47.08,94,100,"{'speed': 6.26, 'deg': 164, 'gust': 11.45}",CA,200
371,husavik,66.0449,-17.3389,31.35,66,39,"{'speed': 4.9, 'deg': 41, 'gust': 4.97}",IS,200
372,tuktoyaktuk,69.4541,-133.0374,5.81,79,100,"{'speed': 7.92, 'deg': 343, 'gust': 9.15}",CA,200
373,nhulunbuy,-12.2333,136.7667,81.21,83,75,"{'speed': 12.66, 'deg': 120}",AU,200
374,bainbridge,47.6262,-122.5212,55.71,70,100,"{'speed': 13, 'deg': 211, 'gust': 25.01}",US,200
375,teeli,51.0333,90.2333,33.46,47,56,"{'speed': 0.72, 'deg': 188, 'gust': 1.25}",RU,200
376,riviere-au-renard,48.9957,-64.3971,39.18,82,77,"{'speed': 7.78, 'deg': 161, 'gust': 11.52}",CA,200
377,genova,44.5,9.0667,55.29,85,100,"{'speed': 5.23, 'deg': 145, 'gust': 17.25}",IT,200
378,arona,28.0996,-16.681,59.52,85,20,"{'speed': 14.97, 'deg': 70}",ES,200
379,draguignan,43.5333,6.4667,60.84,73,99,"{'speed': 9.22, 'deg': 270}",FR,200
380,hoa binh,20.8133,105.3383,76.06,93,34,"{'speed': 0.78, 'deg': 336, 'gust': 1.48}",VN,200
381,seoul,37.5683,126.9778,54.84,34,100,"{'speed': 6.62, 'deg': 81, 'gust': 12.77}",KR,200
382,port hedland,-20.3167,118.5667,73.45,68,100,"{'speed': 5.75, 'deg': 140}",AU,200
383,sarangani,5.4033,125.4636,83.32,74,57,"{'speed': 16.42, 'deg': 55, 'gust': 17.67}",PH,200
384,marystown,47.1666,-55.1483,43.86,100,99,"{'speed': 8.01, 'deg': 51, 'gust': 7}",CA,200
385,biak,-0.9131,122.8766,76.57,81,61,"{'speed': 3.04, 'deg': 242, 'gust': 4.81}",ID,200
386,saint anthony,45.0205,-93.218,45.28,44,100,"{'speed': 11.5, 'deg': 260}",US,200
387,paamiut,61.994,-49.6678,33.57,86,100,"{'speed': 15.35, 'deg': 319, 'gust': 21.61}",GL,200
388,itoman,26.1247,127.6694,72.37,83,20,"{'speed': 8.05, 'deg': 80}",JP,200
389,airai,-8.9266,125.4092,60.12,95,91,"{'speed': 3.4, 'deg': 109, 'gust': 5.53}",TL,200
390,betioky,-23.7167,44.3833,63.41,94,3,"{'speed': 1.34, 'deg': 271, 'gust': 1.36}",MG,200
391,aswan,24.0934,32.907,82.26,31,56,"{'speed': 17.69, 'deg': 28, 'gust': 28.9}",EG,200
392,burevestnik,56.144,43.7883,47.95,57,0,"{'speed': 0, 'deg': 0}",RU,200
393,besikduzu,41.052,39.2284,53.49,96,100,"{'speed': 4.76, 'deg': 303, 'gust': 4.61}",TR,200
394,saint-joseph,-21.3667,55.6167,77.38,77,100,"{'speed': 3.31, 'deg': 260, 'gust': 6.04}",RE,200
395,ust-tsilma,65.441,52.1498,15.69,92,11,"{'speed': 5.91, 'deg': 248, 'gust': 21.65}",RU,200
396,dakar,14.6937,-17.4441,70.68,88,11,"{'speed': 14.67, 'deg': 344, 'gust': 22.48}",SN,200
397,aneho,6.2333,1.6,83.32,80,100,"{'speed': 11.34, 'deg': 195, 'gust': 15.01}",TG,200
398,ancud,-41.8697,-73.8203,51.08,82,89,"{'speed': 1.59, 'deg': 115, 'gust': 3.44}",CL,200
399,tynda,55.1667,124.7167,18.41,84,43,"{'speed': 2.53, 'deg': 302, 'gust': 3.58}",RU,200
400,zhangye,38.9342,100.4517,49.23,54,100,"{'speed': 3.44, 'deg': 208, 'gust': 5.99}",CN,200
401,bata,1.8639,9.7658,78.57,85,82,"{'speed': 1.95, 'deg': 47, 'gust': 1.97}",GQ,200
402,vestmannaeyjar,63.4427,-20.2734,38.3,94,96,"{'speed': 21.65, 'deg': 109, 'gust': 23.02}",IS,200
403,suluq,31.6682,20.2521,72.12,42,18,"{'speed': 11.99, 'deg': 78, 'gust': 19.57}",LY,200
404,merauke,-8.4667,140.3333,75.88,95,100,"{'speed': 7.78, 'deg': 12, 'gust': 12.66}",ID,200
405,davila,18.4726,120.5763,75.18,76,4,"{'speed': 14.18, 'deg': 68, 'gust': 15.37}",PH,200
406,gornopravdinsk,60.05,69.9,36.45,90,98,"{'speed': 12.53, 'deg': 315, 'gust': 22.75}",RU,200
407,torit,4.4133,32.5678,71.15,82,100,"{'speed': 2.98, 'deg': 203, 'gust': 3.96}",SS,200
408,bintulu,3.1667,113.0333,77.29,92,88,"{'speed': 3.58, 'deg': 160, 'gust': 3.53}",MY,200
409,haines junction,60.7522,-137.5108,31.73,89,100,"{'speed': 5.57, 'deg': 300, 'gust': 7.52}",CA,200
410,antsohihy,-14.8796,47.9875,73.89,96,45,"{'speed': 2.89, 'deg': 35, 'gust': 3.18}",MG,200
411,nizhniy tsasuchey,50.5167,115.1333,32.02,41,100,"{'speed': 13.06, 'deg': 318, 'gust': 25.77}",RU,200
412,sao felix do xingu,-6.6447,-51.995,77.5,80,96,"{'speed': 2.53, 'deg': 77, 'gust': 2.51}",BR,200
413,mosquera,4.7059,-74.2302,59.09,77,40,"{'speed': 8.05, 'deg': 260}",CO,200
414,balikpapan,-1.2675,116.8289,77.99,94,40,"{'speed': 4.61, 'deg': 230}",ID,200
415,el corpus,14.7,-88.9167,95.32,31,20,"{'speed': 9.22, 'deg': 320}",HN,200
416,mirnyy,62.5353,113.9611,9.86,95,41,"{'speed': 3.49, 'deg': 216, 'gust': 3.94}",RU,200
417,kruisfontein,-34.0033,24.7314,66.88,71,100,"{'speed': 3.74, 'deg': 45, 'gust': 3.65}",ZA,200
418,langenau,48.4962,10.1185,52.41,95,100,"{'speed': 11.7, 'deg': 228, 'gust': 23.55}",DE,200
419,ewa beach,21.3156,-158.0072,84.15,65,0,"{'speed': 10.36, 'deg': 140}",US,200
420,goundam,16.4145,-3.6708,85.96,14,1,"{'speed': 10.96, 'deg': 346, 'gust': 16.55}",ML,200
421,petukhovo,55.0692,67.9019,44.44,85,75,"{'speed': 14.12, 'deg': 307, 'gust': 26.73}",RU,200
422,hun,29.1268,15.9477,65.57,63,22,"{'speed': 14.99, 'deg': 356, 'gust': 20.49}",LY,200
423,trzcianka,53.0406,16.4563,49.21,94,56,"{'speed': 1.74, 'deg': 49, 'gust': 1.83}",PL,200
424,verkhnetulomskiy,68.6073,31.7962,26.73,86,39,"{'speed': 5.68, 'deg': 252, 'gust': 17.43}",RU,200
425,preobrazheniye,42.9019,133.9064,40.01,40,0,"{'speed': 9.44, 'deg': 285, 'gust': 20.13}",RU,200
426,lensk,60.7253,114.9278,22.98,91,97,"{'speed': 3.69, 'deg': 238, 'gust': 6.46}",RU,200
427,brignoles,43.4,6.0667,61.43,65,99,"{'speed': 11.99, 'deg': 270, 'gust': 13}",FR,200
428,lyngseidet,69.5763,20.2189,28.4,93,36,"{'speed': 9.53, 'deg': 204, 'gust': 8.72}",NO,200
429,camiri,-20.05,-63.5167,70.65,62,100,"{'speed': 2.33, 'deg': 63, 'gust': 2.86}",BO,200
430,itaituba,-4.2761,-55.9836,78.46,83,100,"{'speed': 0.43, 'deg': 94, 'gust': 0.72}",BR,200
431,isangel,-19.55,169.2667,84.31,79,20,"{'speed': 3.44, 'deg': 230}",VU,200
432,rawson,-43.3002,-65.1023,65.64,46,63,"{'speed': 7.99, 'deg': 88, 'gust': 8.79}",AR,200
433,rincon,32.296,-81.2354,73.36,31,40,"{'speed': 11.5, 'deg': 150}",US,200
434,sursk,53.0754,45.6846,51.01,57,20,"{'speed': 1.95, 'deg': 259, 'gust': 2.19}",RU,200
435,artyom,40.4723,50.333,53.74,80,100,"{'speed': 13.91, 'deg': 345, 'gust': 20.45}",AZ,200
436,jinxiang,27.4327,120.6062,59.7,94,99,"{'speed': 7.61, 'deg': 29, 'gust': 9.37}",CN,200
437,kondopoga,62.2057,34.2614,29.88,98,99,"{'speed': 5.1, 'deg': 131, 'gust': 16.58}",RU,200
438,garmsar,35.2182,52.3409,71.38,27,83,"{'speed': 0.89, 'deg': 155, 'gust': 4.27}",IR,200
439,meulaboh,4.1363,96.1285,77.63,90,100,"{'speed': 3.13, 'deg': 56, 'gust': 3.22}",ID,200
440,kuching,1.55,110.3333,82.02,82,40,"{'speed': 5.01, 'deg': 260, 'gust': 0}",MY,200
441,caravelas,-17.7125,-39.2481,77.07,73,68,"{'speed': 11.43, 'deg': 145, 'gust': 19.17}",BR,200
442,krusevac,43.58,21.3339,59.36,83,99,"{'speed': 3.62, 'deg': 162, 'gust': 3.47}",RS,200
443,viedma,-40.8135,-62.9967,66.18,41,0,"{'speed': 10.33, 'deg': 347, 'gust': 18.23}",AR,200
444,zhigansk,66.7697,123.3711,13.05,96,37,"{'speed': 6.98, 'deg': 350, 'gust': 9.53}",RU,200
445,sawai madhopur,25.9833,76.3667,71.6,34,0,"{'speed': 1.97, 'deg': 196, 'gust': 2.28}",IN,200
446,haimen,23.1935,116.6142,69.69,91,100,"{'speed': 10.27, 'deg': 68, 'gust': 12.48}",CN,200
447,zlatibor,43.7168,19.7,45.72,88,100,"{'speed': 4.03, 'deg': 203, 'gust': 3.65}",RS,200
448,kitimat,54.0524,-128.6534,45.37,97,100,"{'speed': 1.32, 'deg': 213, 'gust': 1.92}",CA,200
449,santa isabel do rio negro,-0.4139,-65.0192,76.75,96,98,"{'speed': 1.97, 'deg': 36, 'gust': 2.17}",BR,200
450,ulladulla,-35.35,150.4667,60.93,81,66,"{'speed': 4.92, 'deg': 257, 'gust': 6.08}",AU,200
451,bahia honda,22.9036,-83.1592,82.06,59,12,"{'speed': 8.43, 'deg': 29, 'gust': 7.58}",CU,200
452,asfi,32.2994,-9.2372,62.94,73,28,"{'speed': 21.68, 'deg': 42, 'gust': 34.69}",MA,200
453,lethem,3.3803,-59.7968,76.84,83,98,"{'speed': 4.61, 'deg': 354, 'gust': 6.49}",GY,200
454,casper,42.8666,-106.3131,55.72,27,20,"{'speed': 12.66, 'deg': 230, 'gust': 19.57}",US,200
455,madimba,-10.4,40.3333,75.81,93,12,"{'speed': 7.16, 'deg': 178, 'gust': 13.62}",TZ,200
456,livingston,55.9029,-3.5226,42.85,74,75,"{'speed': 6.91, 'deg': 30}",GB,200
457,vostochnyy,55.8167,37.8667,52.11,55,17,"{'speed': 2.91, 'deg': 248, 'gust': 2.89}",RU,200
458,santander,43.4647,-3.8044,57.45,90,100,"{'speed': 5.75, 'deg': 230}",ES,200
459,valkla,59.4744,25.3186,52.66,67,7,"{'speed': 11.77, 'deg': 182, 'gust': 28.1}",EE,200
460,tiassale,5.8983,-4.8283,78.49,91,92,"{'speed': 3.38, 'deg': 223, 'gust': 16.4}",CI,200
461,belen,36.4891,36.2233,53.74,77,20,"{'speed': 8.05, 'deg': 200}",TR,200
462,hovd,48.0056,91.6419,32.07,48,0,"{'speed': 2.06, 'deg': 225, 'gust': 2.19}",MN,200
463,arboletes,8.8505,-76.4269,81.48,72,50,"{'speed': 7.74, 'deg': 327, 'gust': 8.52}",CO,200
464,necochea,-38.5473,-58.7368,56.41,89,0,"{'speed': 8.61, 'deg': 78, 'gust': 12.75}",AR,200
465,pecos,31.4229,-103.4932,55.24,54,100,"{'speed': 6.91, 'deg': 50}",US,200
466,ruwi,23.5996,58.5507,85.69,58,86,"{'speed': 4.45, 'deg': 249, 'gust': 6.38}",OM,200
467,alekseyevka,50.6309,38.6903,47.55,84,13,"{'speed': 2.44, 'deg': 63, 'gust': 2.55}",RU,200
468,kiunga,-6.1219,141.2906,71.49,99,100,"{'speed': 3.53, 'deg': 2, 'gust': 12.68}",PG,200
469,paoua,7.2427,16.4406,73.04,75,100,"{'speed': 4.16, 'deg': 210, 'gust': 11.97}",CF,200
470,krasnoselkup,65.7,82.4667,31.82,99,100,"{'speed': 9.91, 'deg': 138, 'gust': 16.46}",RU,200
471,kysyl-syr,63.8986,122.7617,18.5,93,40,"{'speed': 6.67, 'deg': 302, 'gust': 22.03}",RU,200
472,poum,-20.2333,164.0167,79.14,77,64,"{'speed': 16.64, 'deg': 164, 'gust': 17.11}",NC,200
473,aransas pass,27.9095,-97.15,73.4,90,40,"{'speed': 19.57, 'deg': 60, 'gust': 24.16}",US,200
474,shamary,57.3434,58.2199,39.31,94,28,"{'speed': 2.95, 'deg': 294, 'gust': 2.98}",RU,200
475,baripada,21.935,86.7214,77.38,43,1,"{'speed': 4.76, 'deg': 183, 'gust': 5.77}",IN,200
476,vostok,46.4856,135.8833,30.9,75,100,"{'speed': 9.01, 'deg': 270, 'gust': 21.97}",RU,200
477,alamosa,37.4695,-105.87,60.78,18,75,"{'speed': 16.11, 'deg': 220, 'gust': 26.46}",US,200
478,bo phloi,14.3236,99.5161,77.94,79,62,"{'speed': 2.42, 'deg': 259, 'gust': 2.42}",TH,200
479,beloha,-25.1667,45.05,68.56,89,100,"{'speed': 5.79, 'deg': 312, 'gust': 12.77}",MG,200
480,san vicente,-26.6167,-54.1333,65.7,67,36,"{'speed': 2.21, 'deg': 80, 'gust': 3.11}",AR,200
481,kimbe,-5.5502,150.1429,79.03,84,89,"{'speed': 1.59, 'deg': 200, 'gust': 1.86}",PG,200
482,sakakah,29.9697,40.2064,77.09,34,100,"{'speed': 8.25, 'deg': 51, 'gust': 10.49}",SA,200
483,pingyin,36.2831,116.4453,45.43,92,100,"{'speed': 4.34, 'deg': 43, 'gust': 9.71}",CN,200
484,casma,-41.0082,-73.1244,51.4,86,87,"{'speed': 2.98, 'deg': 161, 'gust': 3.76}",CL,200
485,turukhansk,65.8167,87.9833,32.22,98,100,"{'speed': 10.51, 'deg': 160, 'gust': 19.93}",RU,200
486,pacifica,37.6138,-122.4869,73.15,83,75,"{'speed': 27.63, 'deg': 280, 'gust': 37.98}",US,200
487,auki,-8.7676,160.7034,82.53,77,46,"{'speed': 3.06, 'deg': 99, 'gust': 5.1}",SB,200
488,nikolayevsk-na-amure,53.1406,140.73,32.83,70,22,"{'speed': 12.84, 'deg': 278, 'gust': 27.13}",RU,200
489,smirnykh,49.75,142.8333,36.54,58,34,"{'speed': 9.71, 'deg': 292, 'gust': 18.72}",RU,200
490,humberto de campos,-2.5983,-43.4611,78.15,84,100,"{'speed': 5.57, 'deg': 59, 'gust': 13.67}",BR,200
491,puerto madryn,-42.7692,-65.0385,67.96,46,6,"{'speed': 7.4, 'deg': 128, 'gust': 7.67}",AR,200
492,mwene-ditu,-7.0,23.45,65.93,98,100,"{'speed': 3.04, 'deg': 2, 'gust': 5.93}",CD,200
493,velikiy ustyug,60.7644,46.3106,37.04,90,100,"{'speed': 3.96, 'deg': 93, 'gust': 6.31}",RU,200
494,miyako,39.6367,141.9525,44.96,50,100,"{'speed': 7.58, 'deg': 259, 'gust': 17.31}",JP,200
495,karasjok,69.4719,25.5112,19.71,81,69,"{'speed': 10.92, 'deg': 267, 'gust': 18.72}",NO,200
496,jalu,29.0331,21.5482,77.99,23,0,"{'speed': 10.09, 'deg': 93, 'gust': 13.27}",LY,200
497,ornskoldsvik,63.2909,18.7153,29.35,100,100,"{'speed': 10.36, 'deg': 20}",SE,200
498,stromness,58.965,-3.296,40.96,64,100,"{'speed': 31.23, 'deg': 15, 'gust': 32.55}",GB,200
499,srivardhan,18.0333,73.0167,78.13,74,91,"{'speed': 6.42, 'deg': 354, 'gust': 9.22}",IN,200
500,carman,49.4992,-98.0016,39.88,56,100,"{'speed': 10.49, 'deg': 7, 'gust': 11.88}",CA,200
501,aleksandrovka,46.8383,32.7612,50.47,77,100,"{'speed': 3.27, 'deg': 327, 'gust': 3.65}",UA,200
502,okhotsk,59.3833,143.3,32.27,68,100,"{'speed': 15.19, 'deg': 339, 'gust': 22.68}",RU,200
503,tongchuan,35.0806,109.0897,35.38,99,100,"{'speed': 3.04, 'deg': 100, 'gust': 5.12}",CN,200
504,atar,20.5169,-13.0499,82.17,19,0,"{'speed': 7.58, 'deg': 48, 'gust': 9.51}",MR,200
505,shaunavon,49.6501,-108.4181,42.98,55,100,"{'speed': 15.35, 'deg': 154, 'gust': 16.96}",CA,200
506,lokosovo,61.1333,74.8167,38.89,97,100,"{'speed': 9.55, 'deg': 205, 'gust': 23.2}",RU,200
507,havoysund,70.9963,24.6622,32.23,59,100,"{'speed': 15.03, 'deg': 323, 'gust': 17.81}",NO,200
508,te anau,-45.4167,167.7167,43.18,82,91,"{'speed': 0.87, 'deg': 55, 'gust': 2.68}",NZ,200
509,itarema,-2.9248,-39.9167,77.65,85,99,"{'speed': 10.22, 'deg': 107, 'gust': 20.31}",BR,200
510,collie,-33.3667,116.15,51.75,94,72,"{'speed': 9.06, 'deg': 242, 'gust': 23.47}",AU,200
511,willowmore,-33.2926,23.4895,64.29,75,100,"{'speed': 2.82, 'deg': 253, 'gust': 4.45}",ZA,200
512,bandarbeyla,9.4942,50.8122,81.43,70,27,"{'speed': 4.81, 'deg': 87, 'gust': 5.61}",SO,200
513,nuuk,64.1835,-51.7216,38.01,81,100,"{'speed': 4.61, 'deg': 350}",GL,200
514,kingman,35.1894,-114.053,84.18,14,40,"{'speed': 11.5, 'deg': 220, 'gust': 19.57}",US,200
515,whitehorse,60.7161,-135.0538,41.02,92,100,"{'speed': 3.49, 'deg': 99, 'gust': 6.13}",CA,200
516,arlit,18.7369,7.3853,87.28,8,92,"{'speed': 6.49, 'deg': 317, 'gust': 7.87}",NE,200
517,nishihara,26.1842,127.7558,71.65,83,40,"{'speed': 8.05, 'deg': 80}",JP,200
518,batangafo,7.3008,18.2833,74.07,77,34,"{'speed': 4.23, 'deg': 179, 'gust': 7.74}",CF,200
519,turayf,31.6725,38.6637,72.3,26,100,"{'speed': 11.7, 'deg': 303, 'gust': 18.68}",SA,200
520,taunsa,30.7048,70.6505,77.52,19,0,"{'speed': 2.46, 'deg': 163, 'gust': 3.24}",PK,200
521,chokwe,-24.5333,32.9833,67.53,93,0,"{'speed': 5.46, 'deg': 148, 'gust': 13.44}",MZ,200
522,oxford,51.7522,-1.256,46.49,92,0,"{'speed': 5.75, 'deg': 310}",GB,200
523,jatiroto,-7.8833,111.1167,73.74,92,100,"{'speed': 0.67, 'deg': 119, 'gust': 1.3}",ID,200
524,touros,-5.1989,-35.4608,79.39,79,79,"{'speed': 11.79, 'deg': 138, 'gust': 19.82}",BR,200
525,kyzyl-suu,42.3414,78.0056,46.98,40,100,"{'speed': 6.98, 'deg': 167, 'gust': 6.11}",KG,200
526,berlevag,70.8578,29.0864,30.2,86,99,"{'speed': 13.8, 'deg': 340}",NO,200
527,shedok,44.2179,40.8487,45.27,92,81,"{'speed': 3.56, 'deg': 179, 'gust': 3.49}",RU,200
528,zhadovka,53.5746,46.9498,48.51,56,21,"{'speed': 3.49, 'deg': 231, 'gust': 3.51}",RU,200
529,svetlogorsk,52.6333,29.7333,49.96,68,55,"{'speed': 6.33, 'deg': 163, 'gust': 10.76}",BY,200
530,salisbury,51.0693,-1.7957,47.44,87,40,"{'speed': 6.91, 'deg': 280}",GB,200
531,oktyabrskoye,43.0645,44.7417,50.14,87,100,"{'speed': 4.47, 'deg': 80}",RU,200
532,ust-maya,60.4167,134.5333,26.64,90,99,"{'speed': 10.54, 'deg': 315, 'gust': 23.94}",RU,200
533,bereda,43.2686,-7.5406,56.14,100,98,"{'speed': 3.36, 'deg': 216, 'gust': 14.45}",ES,200
534,teberda,43.4456,41.7448,40.24,87,64,"{'speed': 4.81, 'deg': 174, 'gust': 6.6}",RU,200
535,mporokoso,-9.3727,30.125,61.65,96,100,"{'speed': 4.41, 'deg': 135, 'gust': 16.35}",ZM,200
536,hamilton,39.1834,-84.5333,48.09,52,100,"{'speed': 13.8, 'deg': 280, 'gust': 19.57}",US,200
537,bud,39.447,-86.1758,46.89,54,100,"{'speed': 10.13, 'deg': 283, 'gust': 14.63}",US,200
538,saint-ambroise,48.5501,-71.3324,54.57,60,100,"{'speed': 10.13, 'deg': 115, 'gust': 22.93}",CA,200
539,marsa matruh,31.3525,27.2453,63.82,76,0,"{'speed': 9.22, 'deg': 68, 'gust': 13.89}",EG,200
540,mount isa,-20.7333,139.5,71.37,46,75,"{'speed': 5.75, 'deg': 100}",AU,200
541,jidong,45.2167,131.0833,38.8,26,0,"{'speed': 10.94, 'deg': 282, 'gust': 26.4}",CN,200
542,kununurra,-15.7667,128.7333,62.58,82,6,"{'speed': 3.44, 'deg': 150}",AU,200
543,angoche,-16.2325,39.9086,75.72,78,4,"{'speed': 6.62, 'deg': 188, 'gust': 8.43}",MZ,200
544,galesong,-5.3166,119.3661,76.62,82,19,"{'speed': 6.4, 'deg': 90, 'gust': 6.87}",ID,200
545,el alto,-4.2714,-81.2147,80.26,81,100,"{'speed': 11.77, 'deg': 8, 'gust': 13.91}",PE,200
546,boa vista,2.8197,-60.6733,78.78,78,20,"{'speed': 4.61, 'deg': 50}",BR,200
547,nongstoin,25.5167,91.2667,54.16,88,38,"{'speed': 4.05, 'deg': 74, 'gust': 3.65}",IN,200
548,buala,-8.145,159.5921,84.16,75,65,"{'speed': 5.91, 'deg': 88, 'gust': 7.4}",SB,200
549,floro,61.5996,5.0328,41.23,70,75,"{'speed': 13.8, 'deg': 30}",NO,200
550,kotelnikovo,47.6317,43.1461,48.52,82,35,"{'speed': 5.91, 'deg': 145, 'gust': 5.86}",RU,200
551,marawi,7.9986,124.2928,68.68,94,54,"{'speed': 1.45, 'deg': 111, 'gust': 1.68}",PH,200
552,nizwa,22.9333,57.5333,76.77,58,78,"{'speed': 4.7, 'deg': 100, 'gust': 6.22}",OM,200
553,pahrump,36.2083,-115.9839,84.25,18,52,"{'speed': 7, 'deg': 203, 'gust': 15.99}",US,200
554,borovoy,55.4333,86.0833,38.48,56,0,"{'speed': 4.47, 'deg': 140}",RU,200
555,fare,-16.7,-151.0167,81.81,79,100,"{'speed': 13.76, 'deg': 274, 'gust': 15.55}",PF,200
556,gogrial,8.5332,28.1004,81.82,58,98,"{'speed': 9.84, 'deg': 189, 'gust': 22.01}",SS,200
557,port-cartier,50.0334,-66.8654,40.75,89,100,"{'speed': 11.41, 'deg': 56, 'gust': 24.72}",CA,200
558,egvekinot,66.3167,-179.1667,14.99,67,0,"{'speed': 6.24, 'deg': 39, 'gust': 6.78}",RU,200
559,shihezi,44.3,86.0333,49.86,37,8,"{'speed': 4.9, 'deg': 109, 'gust': 6.42}",CN,200
560,santiago,-33.4569,-70.6483,73.54,56,0,"{'speed': 10.36, 'deg': 150}",CL,200
561,port-gentil,-0.7193,8.7815,82.36,83,40,"{'speed': 8.05, 'deg': 200}",GA,200
562,vanavara,60.34,102.2797,17.89,91,99,"{'speed': 3.62, 'deg': 157, 'gust': 8.99}",RU,200
563,bac lieu,9.285,105.7244,81.88,76,91,"{'speed': 6.31, 'deg': 89, 'gust': 8.79}",VN,200
564,kungurtug,50.5994,97.5228,17.89,91,16,"{'speed': 1.5, 'deg': 154, 'gust': 2.82}",RU,200
565,honiara,-9.4333,159.95,83.57,75,35,"{'speed': 5.5, 'deg': 100, 'gust': 8.88}",SB,200
566,koslan,63.4564,48.8989,20.32,96,66,"{'speed': 3.2, 'deg': 258, 'gust': 7.38}",RU,200
567,providencia,28.7167,-111.5833,94.21,18,1,"{'speed': 17.43, 'deg': 197, 'gust': 19.95}",MX,200
568,rebrikha,53.0733,82.3408,41.68,66,100,"{'speed': 10.31, 'deg': 175, 'gust': 28.7}",RU,200
569,xiuyan,40.2928,123.2744,45.0,22,100,"{'speed': 4.23, 'deg': 358, 'gust': 4.03}",CN,200
570,nieuw nickerie,5.95,-56.9833,75.52,90,100,"{'speed': 3.87, 'deg': 259, 'gust': 4.54}",SR,200
571,chunskiy,56.0815,99.6342,24.03,90,14,"{'speed': 3.02, 'deg': 98, 'gust': 2.71}",RU,200
572,lata,40.1629,-8.3327,53.76,98,82,"{'speed': 1.77, 'deg': 5, 'gust': 2.77}",PT,200
